"source_string","translated_string","context"
"Director Review","Director Review",""
"Verify and Send to Director","Verify and Send to Director",""
"Issue Passport","Issue Passport",""
"Passport PDF","Passport PDF",""
"Download Passport PDF","Download Passport PDF",""
"Issue Passport and Download PDF","Issue Passport and Download PDF",""
"Director General Desk","Director General Desk",""
"Applicant Signature / توقيع مقدم الطلب","Applicant Signature",""
"Open Passport for Editing","Open Passport for Editing",""
"Signature provided","Signature provided",""
"Photo attached","Photo attached",""
"Before sending to Director Review, mark each populated field as verified and enter a remark: {0}","Before sending to Director Review, mark each populated field as verified and enter a remark: {0}",""
"During Officer Review, verify every populated field and enter a remark for it before sending to the Director General.","During Officer Review, verify every populated field and enter a remark for it before sending to the Director General.",""
"Applicant Signature / التوقيع","Signature",""
